id,claim,class,value,source_url,source_title,source_date,checked_on,checked_by,expires_on,used_on_pages,status
C001,AI-native Teams disponible,operator-stated,,research/discovery.md,"Déclarations JD, questions 3, 10, 11, 28 et 46 ; dates individuelles dans discovery.md",,2026-09-28,agent — provenance seulement,,,recorded; product truth confirmation pending
C002,AI Systems & Transformation disponible,operator-stated,,research/discovery.md,"Déclarations JD, questions 3, 10, 11, 28 et 46 ; dates individuelles dans discovery.md",,2026-09-28,agent — provenance seulement,,,recorded; product truth confirmation pending
C003,Méthodes de sélection actuelles en formalisation progressive,operator-stated,,research/discovery.md,"Déclarations JD, questions 3, 10, 11, 28 et 46 ; dates individuelles dans discovery.md",,2026-09-28,agent — provenance seulement,,,recorded; product truth confirmation pending
C004,"Tests, evals et observability selon projet",operator-stated,,research/discovery.md,"Déclarations JD, questions 3, 10, 11, 28 et 46 ; dates individuelles dans discovery.md",,2026-09-28,agent — provenance seulement,,,recorded; product truth confirmation pending
C005,Sécurité adaptée au périmètre convenu,operator-stated,,research/discovery.md,"Déclarations JD, questions 3, 10, 11, 28 et 46 ; dates individuelles dans discovery.md",,2026-09-28,agent — provenance seulement,,,recorded; product truth confirmation pending
C006,Prestations sur devis sans montant public,operator-stated,,research/discovery.md,"Déclarations JD, questions 3, 10, 11, 28 et 46 ; dates individuelles dans discovery.md",,2026-09-28,agent — provenance seulement,,,recorded; product truth confirmation pending
C101,Moins de 1 % des profils retenus,unverified,,research/sources/2026-09-27-capacites-nodina.txt,Capacités déclarées JD,2026-09-27,2026-09-28,agent — preuve manquante,,,blocked for publication
C102,Près de 15 ans de collaboration,unverified,,research/sources/2026-09-27-capacites-nodina.txt,Capacités déclarées JD,2026-09-27,2026-09-28,agent — preuve manquante,,,blocked for publication
C103,Résultats économiques de réalisations antérieures,unverified,,research/sources/2026-09-27-capacites-nodina.txt,Capacités déclarées JD,2026-09-27,2026-09-28,agent — preuve manquante,,,blocked for publication
C104,Diplôme et enseignement du fondateur,unverified,,research/sources/2026-09-27-capacites-nodina.txt,Capacités déclarées JD,2026-09-27,2026-09-28,agent — preuve manquante,,,blocked for publication
C201,Le site personnel présente JD comme cofondateur de CheckIA chargé du produit et de l’IA,source,,https://www.jdcollard.com/,Jean-David Collard — description personnelle publique,,2026-10-01,agent — source publique consultée,2027-04-01,,public self-description observed; contribution and publication confirmation pending
C202,La page Companies & Projects attribue à JD des fonctions chez Angels Bay Tech,source,,https://www.jdcollard.com/companies-projects.html,"Companies & Projects — page historique, dates à confirmer",,2026-10-01,agent — source publique consultée,2027-04-01,,public historical self-description observed; dates and scope pending
C203,Angels Bay Tech affiche un portfolio public de projets,source,,https://www.angelsbaytech.com/,Angels Bay Tech — portfolio public,,2026-10-01,agent — source publique consultée,2027-04-01,,public listing observed; project scope and permissions pending
C204,CheckIA publie une page de démonstration avec transcription de workflow,source,,https://checkia.fr/blog/vie-de-l-entreprise/ia-missions-specifiques-cac/,CheckIA — démonstration et transcription consultées; vidéo non visionnée,,2026-10-01,agent — source publique consultée,2027-04-01,,public artifact observed; product operation not tested
C205,Connect by CNES décrit ReadyPark porté par Angels Bay Tech,source,,https://www.connectbycnes.fr/entreprise/angels-bay-tech,Connect by CNES — fiche Angels Bay Tech,,2026-10-01,agent — source publique consultée,2027-04-01,,institutional listing observed; no measured results verified
C206,Réduction pouvant atteindre 80 % du temps de formalisation annoncée par CheckIA,unverified,,https://checkia.fr/blog/vie-de-l-entreprise/ia-missions-specifiques-cac/,CheckIA — affirmation marketing; protocole de mesure non fourni,,2026-10-01,agent — source publique consultée,2027-04-01,,blocked for publication; measurement evidence pending
C207,Le site personnel de JD déclare un doctorat en informatique,source,,https://www.jdcollard.com/,Jean-David Collard — déclaration personnelle; diplôme non vérifié,,2026-10-01,agent — source publique consultée,2027-04-01,,self-description observed; degree evidence and publication confirmation pending
C208,"JD a pris en charge conception produit, architecture/IA, développement, pilotage de l’équipe et exploitation dans CheckIA",operator-stated,,research/cases/checkia.md,Déclaration personnelle de JD dans la conversation du 2026-10-01,2026-10-01,2026-10-01,agent — déclaration consignée,,,"operator statement recorded; dates, deployment stage and publication pending"
C209,CheckIA est en production et utilisé par des cabinets,operator-stated,,research/cases/checkia.md,Confirmation du stade par JD dans la conversation du 2026-10-01,2026-10-01,2026-10-01,agent — déclaration consignée,,,"operator statement recorded; production date, usage details and publication pending"
C210,CheckIA est utilisé en production par des cabinets depuis le deuxième trimestre 2026,operator-stated,Q2 2026,research/cases/checkia.md,"Réponse de JD sur le début de l’utilisation en production, conversation du 2026-10-01",2026-10-01,2026-10-01,agent — déclaration consignée,,,operator statement recorded; quarter precision retained; publication pending
C211,Certains membres ayant travaillé sur CheckIA font partie des personnes mobilisables par NODINA,operator-stated,,research/cases/checkia.md,"Confirmation du recouvrement partiel des équipes par JD, conversation du 2026-10-01",2026-10-01,2026-10-01,agent — déclaration consignée,,,internal only; public team-continuity claim excluded at JD request 2026-10-01; underlying declaration retained
C212,Certains membres ayant travaillé chez Angels Bay Tech font partie des personnes mobilisables par NODINA,operator-stated,,research/cases/angelsbaytech.md,"Confirmation du recouvrement partiel des équipes par JD, conversation du 2026-10-01",2026-10-01,2026-10-01,agent — déclaration consignée,,,partial team overlap recorded; individual roles and publication pending
C213,"Les membres concernés couvrent collectivement développement, architecture, IA, produit et design",operator-stated,,research/experience-evidence.md,"Précision de JD sur les domaines collectifs, conversation du 2026-10-01",2026-10-01,2026-10-01,agent — provenance consignée,,,collective domains recorded; per-person allocation and publication pending
C214,Le site TitanOne présente un moteur de remplacement contextuel de données sensibles et de restitution des réponses,source,,https://www.titanone.ai/,TitanOne — présentation produit consultée; fonctions annoncées distinguées des livrées,,2026-10-01,agent — provenance consignée,,,public description observed; operation and deployment not verified
C215,La fiche Google Play de ReadyPark nomme Angels Bay Tech comme développeur,source,,https://play.google.com/store/apps/details?id=eu.readypark.app,ReadyPark — fiche Google Play consultée,,2026-10-01,agent — provenance consignée,,,distribution listing observed; current services and active users not verified
C216,Le projet public TitanOne est arrêté mais des usages internes/privés continuent par les équipes concernées,operator-stated,,research/cases/titanone.md,Statut précisé par JD dans la conversation du 2026-10-01,2026-10-01,2026-10-01,agent — déclaration consignée,,,public project stopped; internal/private use declared; exact scope and publication pending
C217,ReadyPark est utilisé dans un cadre privé,operator-stated,,research/cases/readypark.md,Statut précisé par JD dans la conversation du 2026-10-01,2026-10-01,2026-10-01,agent — déclaration consignée,,,"private use declared; exact functions, users and publication pending"
C218,ReadyPark sert de base ou inspiration à un projet de recherche avec publications scientifiques annuelles selon JD,operator-stated,,research/cases/readypark.md,Lien avec la recherche et cadence déclarés par JD le 2026-10-01,2026-10-01,2026-10-01,agent — déclaration consignée,,,research connection and annual cadence declared; yearly inventory and publication pending
C219,"Le sommaire MDPI liste un article ReadyPark cosigné par Jean-David Collard, Erick Stattner et Panagiotis Gergos en 2021",source,,https://www.mdpi.com/2624-6511/4/3,MDPI — Smart Cities 4(3); notice du sommaire consultée dans le résultat de recherche éditeur,2021-08-12,2026-10-01,agent — notice éditeur consultée,,,bibliographic record observed; individual article unavailable to tool; no field performance verified
C220,Springer confirme la publication de Deep Reinforcement Learning for Collaborative Parking Search Optimization par Jean-David Collard et Erick Stattner en 2026,source,,https://link.springer.com/chapter/10.1007/978-3-032-21480-5_26,"Springer — notice du chapitre LOD 2025, LNCS 16468; DOI 10.1007/978-3-032-21480-5_26",2026-05-01,2026-10-01,agent — notice éditeur consultée,,,published bibliographic record verified; abstract and notes read; full text not read; no field performance verified
C221,"JD confirme être cocréateur, responsable produit et recherche de ReadyPark",operator-stated,,research/cases/readypark.md,Confirmation explicite de JD dans la conversation du 2026-10-01,2026-10-01,2026-10-01,agent — déclaration consignée,,,"personal roles confirmed by operator; detailed contributions, period and publication pending"
C222,"JD confirme être cofondateur, responsable produit et recherche de TitanOne",operator-stated,,research/cases/titanone.md,Confirmation explicite de JD dans la conversation du 2026-10-01,2026-10-01,2026-10-01,agent — déclaration consignée,,,"personal roles confirmed by operator; detailed contributions, period and publication pending"
C223,JD déclare être docteur en IA (PhD AI),operator-stated,,research/academic-evidence.md,Déclaration de JD dans la conversation du 2026-10-02,2026-10-02,2026-10-02,agent — déclaration consignée,,,"operator-stated degree; official title, institution, date and final biography pending"
C224,JD déclare publier des travaux scientifiques annuellement,operator-stated,,research/academic-evidence.md,Déclaration de JD dans la conversation du 2026-10-02,2026-10-02,2026-10-02,agent — déclaration consignée,,,operator-stated annual cadence; dated publication inventory and final biography pending
C225,JD déclare des collaborations passées et actuelles avec des équipes franco-américaines,operator-stated,,research/fr-us-experience.md,"Précision de JD sur les équipes FR/US, clients et budgets, conversation du 2026-10-02",2026-10-02,2026-10-02,agent — déclaration consignée,,,"operator-stated personal collaboration; specific teams, periods and responsibilities pending"
C226,JD déclare avoir des clients en France et aux États-Unis,operator-stated,,research/fr-us-experience.md,"Précision de JD sur les équipes FR/US, clients et budgets, conversation du 2026-10-02",2026-10-02,2026-10-02,agent — déclaration consignée,,,operator-stated personal client markets; carrying entities and project attribution pending; not automatically NODINA client references
C227,JD déclare des projets clients aux budgets à six chiffres,operator-stated,,research/fr-us-experience.md,"Précision de JD sur les équipes FR/US, clients et budgets, conversation du 2026-10-02",2026-10-02,2026-10-02,agent — déclaration consignée,,,"operator-stated project budget scale; currency, carrying entities, dates and scope pending; not NODINA pricing, revenue or measured outcome"
